delay,flow_id
0.0546169281006,1
0.065288066864,2
1.0792658329,3
1.05814790726,4
0.864613056183,5
1.0929172039,6
1.06076788902,7
0.854120969772,8
1.92506408691,9
1.07557821274,10
